id,status,created
13330808,Completed,08 Feb 2024 15:28:20 +0000
13330807,Completed,08 Feb 2024 15:27:52 +0000
13330806,Completed,08 Feb 2024 15:23:21 +0000
13330805,Completed,08 Feb 2024 15:14:41 +0000
13330804,Completed,08 Feb 2024 15:14:24 +0000
13330803,Completed,08 Feb 2024 15:13:01 +0000
13330802,Failed,08 Feb 2024 14:55:43 +0000
13330801,Failed,08 Feb 2024 14:55:33 +0000
13330800,Completed,08 Feb 2024 14:54:55 +0000
13330799,Completed,08 Feb 2024 14:54:29 +0000
13330798,Completed,08 Feb 2024 14:54:28 +0000
13330797,Completed,08 Feb 2024 14:54:18 +0000
13330796,Completed,08 Feb 2024 14:54:17 +0000
13330795,Completed,08 Feb 2024 14:53:04 +0000
13330794,Completed,08 Feb 2024 14:52:57 +0000
13330793,Completed,08 Feb 2024 14:52:55 +0000
13330743,Completed,08 Feb 2024 15:34:26 +0000
13330742,Completed,08 Feb 2024 15:34:20 +0000
13330741,Completed,08 Feb 2024 15:34:18 +0000
13330740,Completed,08 Feb 2024 15:34:14 +0000
13330739,Completed,08 Feb 2024 15:33:13 +0000
13330738,Completed,08 Feb 2024 15:32:13 +0000
13330737,Completed,08 Feb 2024 15:31:12 +0000
13330736,Completed,08 Feb 2024 15:29:50 +0000
13330735,Completed,08 Feb 2024 15:29:39 +0000
13330734,Completed,08 Feb 2024 15:29:07 +0000
13330733,Completed,08 Feb 2024 15:28:57 +0000
13330732,Completed,08 Feb 2024 15:28:37 +0000
13330731,Completed,08 Feb 2024 15:28:29 +0000
13330730,Completed,08 Feb 2024 15:28:17 +0000
13330729,Completed,08 Feb 2024 15:27:51 +0000
13330728,Completed,08 Feb 2024 15:27:48 +0000
13330727,Completed,08 Feb 2024 15:26:06 +0000
13330726,Waiting for auto retry,08 Feb 2024 15:26:02 +0000
13330725,Completed,08 Feb 2024 15:26:01 +0000
13330724,Completed,08 Feb 2024 15:25:06 +0000
13330723,Completed,08 Feb 2024 15:24:06 +0000
13330722,Completed,08 Feb 2024 15:23:20 +0000
13330721,Completed,08 Feb 2024 15:20:05 +0000
13330720,Completed,08 Feb 2024 15:15:04 +0000
13330719,Completed,08 Feb 2024 15:14:04 +0000
13330718,Completed,08 Feb 2024 15:13:03 +0000
13330717,Completed,08 Feb 2024 15:12:03 +0000
13330716,Completed,08 Feb 2024 15:11:03 +0000
13330715,Completed,08 Feb 2024 15:10:03 +0000
13330714,Completed,08 Feb 2024 15:08:02 +0000
13330713,Completed,08 Feb 2024 15:06:02 +0000
13330712,Completed,08 Feb 2024 15:00:36 +0000
13330711,Completed,08 Feb 2024 14:54:58 +0000
13330710,Completed,08 Feb 2024 14:54:57 +0000
13330709,Completed,08 Feb 2024 14:54:54 +0000
13330708,Completed,08 Feb 2024 14:54:52 +0000
13330707,Completed,08 Feb 2024 14:54:51 +0000
13330706,Completed,08 Feb 2024 14:54:51 +0000
13330705,Completed,08 Feb 2024 14:54:51 +0000
13330704,Completed,08 Feb 2024 14:54:49 +0000
13330703,Completed,08 Feb 2024 14:54:49 +0000
13330702,Completed,08 Feb 2024 14:54:47 +0000
13330701,Completed,08 Feb 2024 14:54:47 +0000
13330700,Completed,08 Feb 2024 14:54:46 +0000
13330699,Completed,08 Feb 2024 14:54:42 +0000
13330698,Completed,08 Feb 2024 14:54:36 +0000
13330697,Completed,08 Feb 2024 14:54:35 +0000
13330696,Completed,08 Feb 2024 14:54:33 +0000
13330695,Completed,08 Feb 2024 14:54:28 +0000
13330694,Failed,08 Feb 2024 14:54:18 +0000
13330693,Completed,08 Feb 2024 14:54:18 +0000
13330692,Completed,08 Feb 2024 14:53:06 +0000
13330691,Completed,08 Feb 2024 14:52:51 +0000
13330690,Failed,08 Feb 2024 14:42:40 +0000
13330576,Completed,08 Feb 2024 15:35:14 +0000
13330575,Completed,08 Feb 2024 15:34:35 +0000
13330574,Completed,08 Feb 2024 15:34:34 +0000
13330573,Completed,08 Feb 2024 15:34:13 +0000
13330572,Completed,08 Feb 2024 15:34:07 +0000
13330571,Completed,08 Feb 2024 15:30:11 +0000
13330570,Completed,08 Feb 2024 15:29:53 +0000
13330569,Completed,08 Feb 2024 15:29:24 +0000
13330568,Completed,08 Feb 2024 15:29:05 +0000
13330567,Completed,08 Feb 2024 15:28:56 +0000
13330566,Completed,08 Feb 2024 15:28:49 +0000
13330565,Completed,08 Feb 2024 15:28:40 +0000
13330564,Completed,08 Feb 2024 15:28:36 +0000
13330563,Completed,08 Feb 2024 15:28:27 +0000
13330562,Completed,08 Feb 2024 15:28:24 +0000
13330561,Completed,08 Feb 2024 15:28:07 +0000
13330560,Completed,08 Feb 2024 15:27:07 +0000
13330559,Completed,08 Feb 2024 15:26:04 +0000
13330558,Completed,08 Feb 2024 15:26:02 +0000
13330557,Completed,08 Feb 2024 15:26:02 +0000
13330556,Completed,08 Feb 2024 15:26:01 +0000
13330555,Completed,08 Feb 2024 15:23:20 +0000
13330554,Completed,08 Feb 2024 15:23:15 +0000
13330553,Completed,08 Feb 2024 15:23:06 +0000
13330552,Completed,08 Feb 2024 15:22:05 +0000
13330551,Completed,08 Feb 2024 15:21:05 +0000
13330550,Completed,08 Feb 2024 15:19:05 +0000
13330549,Completed,08 Feb 2024 15:18:05 +0000
13330548,Completed,08 Feb 2024 15:17:04 +0000
13330547,Completed,08 Feb 2024 15:16:04 +0000
13330546,Completed,08 Feb 2024 15:14:09 +0000
13330545,Completed,08 Feb 2024 15:09:03 +0000
13330544,Completed,08 Feb 2024 15:07:02 +0000
13330543,Completed,08 Feb 2024 15:01:24 +0000
13330542,Completed,08 Feb 2024 15:00:50 +0000
13330541,Completed,08 Feb 2024 15:00:50 +0000
13330540,Completed,08 Feb 2024 15:00:36 +0000
13330539,Completed,08 Feb 2024 15:00:26 +0000
13330538,Completed,08 Feb 2024 14:56:02 +0000
13330537,Completed,08 Feb 2024 14:55:00 +0000
13330536,Completed,08 Feb 2024 14:54:55 +0000
13330535,Completed,08 Feb 2024 14:54:44 +0000
13330534,Completed,08 Feb 2024 14:54:44 +0000
13330533,Completed,08 Feb 2024 14:54:43 +0000
13330532,Completed,08 Feb 2024 14:54:31 +0000
13330531,Failed,08 Feb 2024 14:54:28 +0000
13330530,Completed,08 Feb 2024 14:54:26 +0000
13330529,Completed,08 Feb 2024 14:54:24 +0000
13330528,Completed,08 Feb 2024 14:52:52 +0000
13330527,Completed,08 Feb 2024 14:52:51 +0000
13330526,Completed,08 Feb 2024 14:50:13 +0000
13330525,Completed,08 Feb 2024 14:49:12 +0000
13330524,Completed,08 Feb 2024 14:48:12 +0000
13330523,Completed,08 Feb 2024 14:47:12 +0000
13330522,Completed,08 Feb 2024 14:46:14 +0000
13330521,Completed,08 Feb 2024 14:46:12 +0000
13330520,Completed,08 Feb 2024 14:45:11 +0000
13330519,Completed,08 Feb 2024 14:44:11 +0000
13330518,Completed,08 Feb 2024 14:43:11 +0000
13330517,Completed,08 Feb 2024 14:42:10 +0000
13330516,Completed,08 Feb 2024 14:41:10 +0000
13330515,Completed,08 Feb 2024 14:40:10 +0000
13330431,Completed,08 Feb 2024 15:34:10 +0000
13330430,Completed,08 Feb 2024 15:28:31 +0000
13330429,Completed,08 Feb 2024 15:12:24 +0000
13330428,Completed,08 Feb 2024 15:00:48 +0000
13330427,Completed,08 Feb 2024 15:00:46 +0000
13330426,Completed,08 Feb 2024 15:00:26 +0000
13330425,Completed,08 Feb 2024 14:55:57 +0000
13330424,Completed,08 Feb 2024 14:55:56 +0000
13330423,Completed,08 Feb 2024 14:55:01 +0000
13330422,Completed,08 Feb 2024 14:54:55 +0000
13330421,Completed,08 Feb 2024 14:54:45 +0000
13330420,Completed,08 Feb 2024 14:54:44 +0000
13330419,Completed,08 Feb 2024 14:54:44 +0000
13330418,Completed,08 Feb 2024 14:54:43 +0000
13330417,Completed,08 Feb 2024 14:54:27 +0000
13330416,Completed,08 Feb 2024 14:54:23 +0000
13330415,Completed,08 Feb 2024 14:54:21 +0000
13330414,Completed,08 Feb 2024 14:54:19 +0000
13330413,Completed,08 Feb 2024 14:52:55 +0000
13330412,Completed,08 Feb 2024 14:52:53 +0000
13330411,Failed,08 Feb 2024 14:48:57 +0000
13330410,Failed,08 Feb 2024 14:42:40 +0000
