<application>
  <component name="com.intellij.ide.ui.customization.CustomActionsSchema">
    <group seperator="true" action_type="-1" position="1">
      <path value="root" />
      <path value="Main Menu" />
      <path value="Run" />
      <option name="myInitialPosition" value="-1" />
    </group>
    <group value="Tool_External Tools_Push Action Configuration" is_action="true" action_type="1" position="0">
      <path value="root" />
      <path value="Main Menu" />
      <path value="Tools" />
      <path value="External Tools" />
      <path value="External Tools" />
      <option name="myInitialPosition" value="-1" />
    </group>
    <group value="Tool_External Tools_Push Action Configuration" is_action="true" action_type="1" position="0">
      <path value="root" />
      <path value="Editor Popup Menu" />
      <path value="Editor Popup Menu Actions (2)" />
      <path value="External Tools" />
      <path value="External Tools" />
      <option name="myInitialPosition" value="-1" />
    </group>
    <group value="Tool_External Tools_Push Action Configuration" is_action="true" action_type="1" position="0">
      <path value="root" />
      <path value="Editor Tab Popup Menu" />
      <path value="Editor Tab Popup Menu Actions (1)" />
      <path value="External Tools" />
      <path value="External Tools" />
      <option name="myInitialPosition" value="-1" />
    </group>
    <group value="Tool_External Tools_Push Action Configuration" is_action="true" action_type="1" position="0">
      <path value="root" />
      <path value="Project View Popup Menu" />
      <path value="External Tools" />
      <path value="External Tools" />
      <option name="myInitialPosition" value="-1" />
    </group>
    <group value="Tool_External Tools_Push Action Configuration" is_action="true" action_type="1" position="0">
      <path value="root" />
      <path value="Scope View Popup Menu" />
      <path value="Project View Popup Menu" />
      <path value="External Tools" />
      <path value="External Tools" />
      <option name="myInitialPosition" value="-1" />
    </group>
    <group value="Tool_External Tools_Push Action Configuration" is_action="true" action_type="1" position="0">
      <path value="root" />
      <path value="Navigation Bar Popup Menu" />
      <path value="External Tools" />
      <path value="External Tools" />
      <option name="myInitialPosition" value="-1" />
    </group>
    <group seperator="true" action_type="1" position="12">
      <path value="root" />
      <path value="Main Menu" />
      <path value="Run" />
      <option name="myInitialPosition" value="-1" />
    </group>
    <group seperator="true" action_type="1" position="16">
      <path value="root" />
      <path value="Main Menu" />
      <path value="Run" />
      <option name="myInitialPosition" value="-1" />
    </group>
    <group value="Tool_External Tools_Create File" is_action="true" action_type="1" position="17">
      <path value="root" />
      <path value="Main Menu" />
      <path value="Run" />
      <option name="myInitialPosition" value="-1" />
    </group>
    <group value="Tool_External Tools_Create Action" is_action="true" action_type="1" position="18">
      <path value="root" />
      <path value="Main Menu" />
      <path value="Run" />
      <option name="myInitialPosition" value="-1" />
    </group>
    <group value="Tool_External Tools_Push Action Configuration" is_action="true" action_type="1" position="19">
      <path value="root" />
      <path value="Main Menu" />
      <path value="Run" />
      <option name="myInitialPosition" value="-1" />
    </group>
    <group value="Tool_External Tools_Pull Action Configuration" is_action="true" action_type="1" position="20">
      <path value="root" />
      <path value="Main Menu" />
      <path value="Run" />
      <option name="myInitialPosition" value="-1" />
    </group>
    <group value="Tool_External Tools_Create Job" is_action="true" action_type="1" position="21">
      <path value="root" />
      <path value="Main Menu" />
      <path value="Run" />
      <option name="myInitialPosition" value="-1" />
    </group>
    <group value="Tool_External Tools_Retry last job" is_action="true" action_type="1" position="22">
      <path value="root" />
      <path value="Main Menu" />
      <path value="Run" />
      <option name="myInitialPosition" value="-1" />
    </group>
    <group value="Tool_External Tools_Update Job" is_action="true" action_type="1" position="23">
      <path value="root" />
      <path value="Main Menu" />
      <path value="Run" />
      <option name="myInitialPosition" value="-1" />
    </group>
    <group value="Tool_External Tools_Update and Retry Last Job" is_action="true" action_type="1" position="24">
      <path value="root" />
      <path value="Main Menu" />
      <path value="Run" />
      <option name="myInitialPosition" value="-1" />
    </group>
    <group value="Tool_External Tools_Cancel Job" is_action="true" action_type="1" position="25">
      <path value="root" />
      <path value="Main Menu" />
      <path value="Run" />
      <option name="myInitialPosition" value="-1" />
    </group>
    <group seperator="true" action_type="1" position="26">
      <path value="root" />
      <path value="Main Menu" />
      <path value="Run" />
      <option name="myInitialPosition" value="-1" />
    </group>
    <group value="Tool_External Tools_Get Workflow Definition Dependancies" is_action="true" action_type="1" position="27">
      <path value="root" />
      <path value="Main Menu" />
      <path value="Run" />
      <option name="myInitialPosition" value="-1" />
    </group>
    <group value="Tool_External Tools_Compare Metadata Definitions" is_action="true" action_type="1" position="28">
      <path value="root" />
      <path value="Main Menu" />
      <path value="Run" />
      <option name="myInitialPosition" value="-1" />
    </group>
    <action id="Tool_External Tools_Cancel Job" icon="Images.Thumbnails.Hide" />
    <action id="Tool_External Tools_Create File" icon="jar:file:/C:/Program%20Files/JetBrains/IntelliJ%20IDEA%20Community%20Edition%202023.1.2/lib/app.jar!/expui/general/add.svg" />
    <action id="Tool_External Tools_Compare Metadata Definitions" icon="jar:file:/C:/Program%20Files/JetBrains/IntelliJ%20IDEA%20Community%20Edition%202023.1.2/lib/app.jar!/expui/general/listFiles.svg" />
    <action id="Tool_External Tools_Update and Retry Last Job" icon="android.deploy.ApplyChanges" />
    <action id="Tool_External Tools_Update Job" icon="jar:file:/C:/Program%20Files/JetBrains/IntelliJ%20IDEA%20Community%20Edition%202023.1.2/lib/app.jar!/expui/general/export.svg" />
    <action id="Tool_External Tools_Get Workflow Definition Dependancies" icon="jar:file:/C:/Program%20Files/JetBrains/IntelliJ%20IDEA%20Community%20Edition%202023.1.2/lib/app.jar!/expui/general/settings.svg" />
    <action id="Tool_External Tools_Push Action Configuration" icon="jar:file:/C:/Program%20Files/JetBrains/IntelliJ%20IDEA%20Community%20Edition%202023.1.2/lib/app.jar!/expui/general/export.svg" />
    <action id="GuiDesigner.AddGroup" icon="jar:file:/C:/Program%20Files/JetBrains/IntelliJ%20IDEA%20Community%20Edition%202023.1.2/lib/app.jar!/expui/general/add.svg" />
    <action id="Tool_External Tools_Create Job" icon="ActivateRunToolWindow" />
    <action id="Tool_External Tools_Retry last job" icon="org.jetbrains.security.toolwindow.tree.actions.RefreshAction" />
    <action id="Tool_External Tools_Get Workflow Definition dependancies" icon="jar:file:/C:/Program%20Files/JetBrains/IntelliJ%20IDEA%20Community%20Edition%202023.1.2/lib/app.jar!/expui/general/settings.svg" />
    <action id="Tool_External Tools_Create Action" icon="VcsShowPrevChangeMarker" />
    <action id="Tool_External Tools_Update Action" icon="jar:file:/C:/Program%20Files/JetBrains/IntelliJ%20IDEA%20Community%20Edition%202023.1.2/lib/app.jar!/expui/general/export.svg" />
    <action id="Tool_External Tools_Pull Action Configuration" icon="jar:file:/C:/Program%20Files/JetBrains/IntelliJ%20IDEA%20Community%20Edition%202023.1.2/lib/app.jar!/expui/general/import.svg" />
  </component>
</application>