<application>
  <component name="com.intellij.ide.ui.customization.CustomActionsSchema">
    <group seperator="true" action_type="-1" position="1">
      <path value="root" />
      <path value="Main Menu" />
      <path value="Run" />
      <option name="myInitialPosition" value="-1" />
    </group>
    <group seperator="true" action_type="1" position="12">
      <path value="root" />
      <path value="Main Menu" />
      <path value="Run" />
      <option name="myInitialPosition" value="-1" />
    </group>
    <group seperator="true" action_type="1" position="16">
      <path value="root" />
      <path value="Main Menu" />
      <path value="Run" />
      <option name="myInitialPosition" value="-1" />
    </group>
    <group value="Tool_External Tools_Create File" is_action="true" action_type="1" position="17">
      <path value="root" />
      <path value="Main Menu" />
      <path value="Run" />
      <option name="myInitialPosition" value="-1" />
    </group>
    <group value="Tool_External Tools_Create Action" is_action="true" action_type="1" position="18">
      <path value="root" />
      <path value="Main Menu" />
      <path value="Run" />
      <option name="myInitialPosition" value="-1" />
    </group>
    <group value="Tool_External Tools_Update Action" is_action="true" action_type="1" position="19">
      <path value="root" />
      <path value="Main Menu" />
      <path value="Run" />
      <option name="myInitialPosition" value="-1" />
    </group>
    <group value="Tool_External Tools_Create Job" is_action="true" action_type="1" position="20">
      <path value="root" />
      <path value="Main Menu" />
      <path value="Run" />
      <option name="myInitialPosition" value="-1" />
    </group>
    <group value="Tool_External Tools_Retry last job" is_action="true" action_type="1" position="21">
      <path value="root" />
      <path value="Main Menu" />
      <path value="Run" />
      <option name="myInitialPosition" value="-1" />
    </group>
    <group value="Tool_External Tools_Update Job" is_action="true" action_type="1" position="22">
      <path value="root" />
      <path value="Main Menu" />
      <path value="Run" />
      <option name="myInitialPosition" value="-1" />
    </group>
    <group value="Tool_External Tools_Cancel Job" is_action="true" action_type="1" position="23">
      <path value="root" />
      <path value="Main Menu" />
      <path value="Run" />
      <option name="myInitialPosition" value="-1" />
    </group>
    <action id="Tool_External Tools_Cancel Job" icon="Images.Thumbnails.Hide" />
    <action id="GuiDesigner.AddGroup" icon="jar:file:/C:/Program%20Files/JetBrains/IntelliJ%20IDEA%20Community%20Edition%202023.1.2/lib/app.jar!/expui/general/add.svg" />
    <action id="Tool_External Tools_Create Job" icon="ActivateRunToolWindow" />
    <action id="Tool_External Tools_Create File" icon="jar:file:/C:/Program%20Files/JetBrains/IntelliJ%20IDEA%20Community%20Edition%202023.1.2/lib/app.jar!/expui/general/add.svg" />
    <action id="Tool_External Tools_Retry last job" icon="org.jetbrains.security.toolwindow.tree.actions.RefreshAction" />
    <action id="Tool_External Tools_Create Action" icon="VcsShowPrevChangeMarker" />
    <action id="Tool_External Tools_Update Action" icon="jar:file:/C:/Program%20Files/JetBrains/IntelliJ%20IDEA%20Community%20Edition%202023.1.2/lib/app.jar!/expui/general/export.svg" />
    <action id="Tool_External Tools_Update Job" icon="jar:file:/C:/Program%20Files/JetBrains/IntelliJ%20IDEA%20Community%20Edition%202023.1.2/lib/app.jar!/expui/general/export.svg" />
  </component>
</application>