<toolSet name="External Tools">
  <tool name="Create Action" description="Create an action in Flex" showInMainMenu="false" showInEditor="false" showInProject="false" showInSearchPopup="false" disabled="false" useConsole="true" showConsoleOnStdOut="false" showConsoleOnStdErr="false" synchronizeAfterRun="true">
    <exec>
      <option name="COMMAND" value="C:\Users\ggay\AppData\Local\Programs\Python\Python311\python.exe" />
      <option name="PARAMETERS" value="C:\Users\ggay\Documents\flex-remote-executor\main.py $FilePath$ $BASE_URL$ $USERNAME$ $PASSWORD$ $ACCOUNT_ID$ create_action" />
      <option name="WORKING_DIRECTORY" value="C:/Users/ggay" />
    </exec>
  </tool>
  <tool name="Create File" description="Create new class template for Flex" showInMainMenu="false" showInEditor="false" showInProject="false" showInSearchPopup="false" disabled="false" useConsole="true" showConsoleOnStdOut="false" showConsoleOnStdErr="false" synchronizeAfterRun="true">
    <exec>
      <option name="COMMAND" value="C:\Users\ggay\AppData\Local\Programs\Python\Python311\python.exe" />
      <option name="PARAMETERS" value="C:\Users\ggay\Documents\flex-remote-executor\main.py $Projectpath$ $Prompt$ $Prompt$ create_file" />
      <option name="WORKING_DIRECTORY" value="C:/Users/ggay" />
    </exec>
  </tool>
  <tool name="Update Action" description="Update the action configuration script in Flex" showInMainMenu="false" showInEditor="false" showInProject="false" showInSearchPopup="false" disabled="false" useConsole="true" showConsoleOnStdOut="false" showConsoleOnStdErr="false" synchronizeAfterRun="true">
    <exec>
      <option name="COMMAND" value="C:\Users\ggay\AppData\Local\Programs\Python\Python311\python.exe" />
      <option name="PARAMETERS" value="C:\Users\ggay\Documents\flex-remote-executor\main.py $FilePath$ $BASE_URL$ $USERNAME$ $PASSWORD$ $ACCOUNT_ID$ update_action" />
      <option name="WORKING_DIRECTORY" value="C:/Users/ggay" />
    </exec>
  </tool>
  <tool name="Create Job" showInMainMenu="false" showInEditor="false" showInProject="false" showInSearchPopup="false" disabled="false" useConsole="true" showConsoleOnStdOut="false" showConsoleOnStdErr="false" synchronizeAfterRun="true">
    <exec>
      <option name="COMMAND" value="C:\Users\ggay\AppData\Local\Programs\Python\Python311\python.exe" />
      <option name="PARAMETERS" value="C:\Users\ggay\Documents\flex-remote-executor\main.py $FilePath$ $BASE_URL$ $USERNAME$ $PASSWORD$ $ACCOUNT_ID$ create_job" />
      <option name="WORKING_DIRECTORY" value="C:/Users/ggay" />
    </exec>
  </tool>
  <tool name="Retry last job" description="Retry the last job" showInMainMenu="false" showInEditor="false" showInProject="false" showInSearchPopup="false" disabled="false" useConsole="true" showConsoleOnStdOut="false" showConsoleOnStdErr="false" synchronizeAfterRun="true">
    <exec>
      <option name="COMMAND" value="C:\Users\ggay\AppData\Local\Programs\Python\Python311\python.exe" />
      <option name="PARAMETERS" value="C:\Users\ggay\Documents\flex-remote-executor\main.py $FilePath$ $BASE_URL$ $USERNAME$ $PASSWORD$ $ACCOUNT_ID$ retry_last_job" />
      <option name="WORKING_DIRECTORY" value="C:/Users/ggay" />
    </exec>
  </tool>
  <tool name="Update Job" description="Update job configuration" showInMainMenu="false" showInEditor="false" showInProject="false" showInSearchPopup="false" disabled="false" useConsole="true" showConsoleOnStdOut="false" showConsoleOnStdErr="false" synchronizeAfterRun="true">
    <exec>
      <option name="COMMAND" value="C:\Users\ggay\AppData\Local\Programs\Python\Python311\python.exe" />
      <option name="PARAMETERS" value="C:\Users\ggay\Documents\flex-remote-executor\main.py $FilePath$ $BASE_URL$ $USERNAME$ $PASSWORD$ $ACCOUNT_ID$ update_job" />
      <option name="WORKING_DIRECTORY" value="C:/Users/ggay" />
    </exec>
  </tool>
  <tool name="Cancel Job" description="Cancel a job." showInMainMenu="false" showInEditor="false" showInProject="false" showInSearchPopup="false" disabled="false" useConsole="true" showConsoleOnStdOut="false" showConsoleOnStdErr="false" synchronizeAfterRun="true">
    <exec>
      <option name="COMMAND" value="C:\Users\ggay\AppData\Local\Programs\Python\Python311\python.exe" />
      <option name="PARAMETERS" value="C:\Users\ggay\Documents\flex-remote-executor\main.py $FilePath$ $BASE_URL$ $USERNAME$ $PASSWORD$ $ACCOUNT_ID$ cancel_job" />
      <option name="WORKING_DIRECTORY" value="C:/Users/ggay" />
    </exec>
  </tool>
</toolSet>