<toolSet name="External Tools">
  <tool name="Create File" description="Create new class template for Flex" showInMainMenu="false" showInEditor="false" showInProject="false" showInSearchPopup="false" disabled="false" useConsole="true" showConsoleOnStdOut="false" showConsoleOnStdErr="false" synchronizeAfterRun="true">
    <exec>
      <option name="COMMAND" value="C:\Users\ggay\AppData\Local\Programs\Python\Python311\python.exe" />
      <option name="PARAMETERS" value="C:\Users\ggay\Documents\flex-remote-executor\main.py $Projectpath$ $Prompt$ $Prompt$ create_file" />
      <option name="WORKING_DIRECTORY" value="C:/Users/ggay" />
    </exec>
  </tool>
  <tool name="Create Action" description="Create an action in Flex" showInMainMenu="false" showInEditor="false" showInProject="false" showInSearchPopup="false" disabled="false" useConsole="true" showConsoleOnStdOut="false" showConsoleOnStdErr="false" synchronizeAfterRun="true">
    <exec>
      <option name="COMMAND" value="C:\Users\ggay\AppData\Local\Programs\Python\Python311\python.exe" />
      <option name="PARAMETERS" value="C:\Users\ggay\Documents\flex-remote-executor\main.py $FilePath$ create_action" />
      <option name="WORKING_DIRECTORY" value="$ProjectFileDir$" />
    </exec>
  </tool>
  <tool name="Push Action Configuration" description="Push the action configuration to the environment" showInMainMenu="false" showInEditor="false" showInProject="false" showInSearchPopup="false" disabled="false" useConsole="true" showConsoleOnStdOut="false" showConsoleOnStdErr="false" synchronizeAfterRun="true">
    <exec>
      <option name="COMMAND" value="C:\Users\ggay\AppData\Local\Programs\Python\Python311\python.exe" />
      <option name="PARAMETERS" value="C:\Users\ggay\Documents\flex-remote-executor\main.py $FilePath$ push_action_configuration" />
      <option name="WORKING_DIRECTORY" value="C:/Users/ggay" />
    </exec>
  </tool>
  <tool name="Pull Action Configuration" description="Pull the action configuration from the environment" showInMainMenu="false" showInEditor="false" showInProject="false" showInSearchPopup="false" disabled="false" useConsole="true" showConsoleOnStdOut="false" showConsoleOnStdErr="false" synchronizeAfterRun="true">
    <exec>
      <option name="COMMAND" value="C:\Users\ggay\AppData\Local\Programs\Python\Python311\python.exe" />
      <option name="PARAMETERS" value="C:\Users\ggay\Documents\flex-remote-executor\main.py $FilePath$ pull_action_configuration" />
      <option name="WORKING_DIRECTORY" value="C:/Users/ggay" />
    </exec>
  </tool>
  <tool name="Create Job" showInMainMenu="false" showInEditor="false" showInProject="false" showInSearchPopup="false" disabled="false" useConsole="true" showConsoleOnStdOut="false" showConsoleOnStdErr="false" synchronizeAfterRun="true">
    <exec>
      <option name="COMMAND" value="C:\Users\ggay\AppData\Local\Programs\Python\Python311\python.exe" />
      <option name="PARAMETERS" value="C:\Users\ggay\Documents\flex-remote-executor\main.py $FilePath$ create_job" />
      <option name="WORKING_DIRECTORY" value="C:/Users/ggay" />
    </exec>
  </tool>
  <tool name="Retry last job" description="Retry the last job" showInMainMenu="false" showInEditor="false" showInProject="false" showInSearchPopup="false" disabled="false" useConsole="true" showConsoleOnStdOut="false" showConsoleOnStdErr="false" synchronizeAfterRun="true">
    <exec>
      <option name="COMMAND" value="C:\Users\ggay\AppData\Local\Programs\Python\Python311\python.exe" />
      <option name="PARAMETERS" value="C:\Users\ggay\Documents\flex-remote-executor\main.py $FilePath$ retry_last_job" />
      <option name="WORKING_DIRECTORY" value="C:/Users/ggay" />
    </exec>
  </tool>
  <tool name="Update Job" description="Update job configuration" showInMainMenu="false" showInEditor="false" showInProject="false" showInSearchPopup="false" disabled="false" useConsole="true" showConsoleOnStdOut="false" showConsoleOnStdErr="false" synchronizeAfterRun="true">
    <exec>
      <option name="COMMAND" value="C:\Users\ggay\AppData\Local\Programs\Python\Python311\python.exe" />
      <option name="PARAMETERS" value="C:\Users\ggay\Documents\flex-remote-executor\main.py $FilePath$ update_job" />
      <option name="WORKING_DIRECTORY" value="C:/Users/ggay" />
    </exec>
  </tool>
  <tool name="Cancel Job" description="Cancel a job." showInMainMenu="false" showInEditor="false" showInProject="false" showInSearchPopup="false" disabled="false" useConsole="true" showConsoleOnStdOut="false" showConsoleOnStdErr="false" synchronizeAfterRun="true">
    <exec>
      <option name="COMMAND" value="C:\Users\ggay\AppData\Local\Programs\Python\Python311\python.exe" />
      <option name="PARAMETERS" value="C:\Users\ggay\Documents\flex-remote-executor\main.py $FilePath$ cancel_job" />
      <option name="WORKING_DIRECTORY" value="C:/Users/ggay" />
    </exec>
  </tool>
  <tool name="Get Workflow Definition Dependancies" showInMainMenu="false" showInEditor="false" showInProject="false" showInSearchPopup="false" disabled="false" useConsole="true" showConsoleOnStdOut="false" showConsoleOnStdErr="false" synchronizeAfterRun="true">
    <exec>
      <option name="COMMAND" value="C:\Users\ggay\AppData\Local\Programs\Python\Python311\python.exe" />
      <option name="PARAMETERS" value="C:\Users\ggay\Documents\flex-remote-executor\main.py $ProjectFileDir$ $Prompt$ get_workflow_dependancies" />
      <option name="WORKING_DIRECTORY" value="C:/Users/ggay" />
    </exec>
  </tool>
  <tool name="Compare Metadata Definitions" showInMainMenu="false" showInEditor="false" showInProject="false" showInSearchPopup="false" disabled="false" useConsole="true" showConsoleOnStdOut="false" showConsoleOnStdErr="false" synchronizeAfterRun="true">
    <exec>
      <option name="COMMAND" value="C:\Users\ggay\AppData\Local\Programs\Python\Python311\python.exe" />
      <option name="PARAMETERS" value="C:\Users\ggay\Documents\flex-remote-executor\main.py $FilePath$ $Prompt$ compare_metadata_definitions" />
      <option name="WORKING_DIRECTORY" value="C:/Users/ggay" />
    </exec>
  </tool>
  <tool name="Update and Retry Last Job" showInMainMenu="false" showInEditor="false" showInProject="false" showInSearchPopup="false" disabled="false" useConsole="true" showConsoleOnStdOut="false" showConsoleOnStdErr="false" synchronizeAfterRun="true">
    <exec>
      <option name="COMMAND" value="C:\Users\ggay\AppData\Local\Programs\Python\Python311\python.exe" />
      <option name="PARAMETERS" value="C:\Users\ggay\Documents\flex-remote-executor\main.py $FilePath$ update_and_retry_last_job" />
      <option name="WORKING_DIRECTORY" value="C:/Users/ggay" />
    </exec>
  </tool>
</toolSet>